<?xml version="1.0" encoding="ISO-8859-1"?>
<VoidShipmentResponse>
    <Response>
        <TransactionReference>
            <CustomerContext>Customer Comment</CustomerContext>
            <XpciVersion>1.0</XpciVersion>
        </TransactionReference>
        <ResponseStatusCode>1</ResponseStatusCode>
        <ResponseStatusDescription>Success</ResponseStatusDescription>
    </Response>
    <Status>
        <StatusType>
            <Code>1</Code>
            <Description>Success</Description>
        </StatusType>
        <StatusCode>
            <Code>1</Code>
            <Description>Success</Description>
        </StatusCode>
    </Status>
</VoidShipmentResponse>
