<?xml version="1.0" encoding="ISO-8859-1"?>
<QuantumViewResponse>
    <Response>
        <TransactionReference/>
        <ResponseStatusCode>1</ResponseStatusCode>
        <ResponseStatusDescription>Success</ResponseStatusDescription>       
    </Response>
    <QuantumViewEvents>
        <SubscriberID>SubScriptAll</SubscriberID>
        <SubscriptionEvents>
            <Name>OutboundFull</Name>
            <Number>45BD09FCCEEA27BA</Number>
            <SubscriptionStatus>
                <Code>A</Code>
                <Description>Active</Description>
            </SubscriptionStatus>
            <SubscriptionFile>
                <FileName>070824_141035001</FileName>
                <StatusType>
                    <Code>U</Code>
                    <Description>Unread</Description>
                </StatusType>
                <Manifest>
                    <Shipper>
                        <Name>BILLY CO</Name>
                        <ShipperNumber>QVDR01</ShipperNumber>
                        <Address>
                            <AddressLine1>3406 BUFORD HWY</AddressLine1>
                            <City>DULUTH</City>
                            <StateProvinceCode>GA</StateProvinceCode>
                            <PostalCode>300963551</PostalCode>
                            <CountryCode>US</CountryCode>
                        </Address>
                    </Shipper>
                    <ShipTo>
                        <Address>
                            <ConsigneeName>RSD</ConsigneeName>
                            <AddressLine1>26021 ATLANTIC OCEAN DRIVE</AddressLine1>
                            <City>LAKE FOREST</City>
                            <StateProvinceCode>CA</StateProvinceCode>
                            <PostalCode>926308831</PostalCode>
                            <CountryCode>US</CountryCode>
                        </Address>
                    </ShipTo>
                    <ReferenceNumber>
                        <Code>00</Code>
                        <Value>123456789</Value>
                    </ReferenceNumber>
                    <ReferenceNumber>
                        <Code>PO</Code>
                        <Value>444789</Value>
                    </ReferenceNumber>
                    <Service>
                        <Code>001</Code>
                    </Service>
                    <PickupDate>20070824</PickupDate>
                    <DocumentsOnly>3</DocumentsOnly>
                    <Package>
                        <Activity>
                            <Date>20070824</Date>
                            <Time>132526</Time>
                        </Activity>
                        <Description>MerchandiseDescription</Description>
                        <Dimensions>
                            <Length>00000000</Length>
                            <Width>00000000</Width>
                            <Height>00000000</Height>
                        </Dimensions>
                        <DimensionalWeight>
                            <UnitOfMeasurement>
                                <Code>LBS</Code>
                            </UnitOfMeasurement>
                            <Weight>0000020</Weight>
                        </DimensionalWeight>
                        <PackageWeight>
                            <Weight>+0002.0</Weight>
                        </PackageWeight>
                        <TrackingNumber>1ZQVDR018493830864</TrackingNumber>
                        <ReferenceNumber>
                            <Code>00</Code>
                            <Value>123456789</Value>
                        </ReferenceNumber>
                        <ReferenceNumber>
                            <Code>PO</Code>
                            <Value>444789</Value>
                        </ReferenceNumber>
                        <ReferenceNumber>
                            <Code>00</Code>
                            <Value>A1</Value>
                        </ReferenceNumber>                        
                        <PackageServiceOptions>
                            <COD/>
                        </PackageServiceOptions>
                    </Package>
                    <ShipmentServiceOptions>
                        <CallTagARS>
                            <Code>8</Code>
                        </CallTagARS>
                    </ShipmentServiceOptions>
                    <ShipmentChargeType>P/P</ShipmentChargeType>
                    <BillToAccount>
                        <Option>01</Option>
                        <Number>QVDR01</Number>
                    </BillToAccount>
                </Manifest>                
                <Manifest>
                    <Shipper>
                        <Name>BILLY CO</Name>
                        <ShipperNumber>QVDR01</ShipperNumber>
                        <Address>
                            <AddressLine1>3406 BUFORD HWY</AddressLine1>
                            <City>DULUTH</City>
                            <StateProvinceCode>GA</StateProvinceCode>
                            <PostalCode>300963551</PostalCode>
                            <CountryCode>US</CountryCode>
                        </Address>
                    </Shipper>
                    <ShipTo>
                        <Address>
                            <ConsigneeName>RSD</ConsigneeName>
                            <AddressLine1>26021 ATLANTIC OCEAN DRIVE</AddressLine1>
                            <City>LAKE FOREST</City>
                            <StateProvinceCode>CA</StateProvinceCode>
                            <PostalCode>926308831</PostalCode>
                            <CountryCode>US</CountryCode>
                        </Address>
                    </ShipTo>
                    <ReferenceNumber>
                        <Code>00</Code>
                        <Value>123456789</Value>
                    </ReferenceNumber>
                    <ReferenceNumber>
                        <Code>PO</Code>
                        <Value>444789</Value>
                    </ReferenceNumber>
                    <Service>
                        <Code>001</Code>
                    </Service>
                    <PickupDate>20070824</PickupDate>
                    <DocumentsOnly>3</DocumentsOnly>
                    <Package>
                        <Activity>
                            <Date>20070824</Date>
                            <Time>134527</Time>
                        </Activity>
                        <Description>MerchandiseDescription</Description>
                        <Dimensions>
                            <Length>00000000</Length>
                            <Width>00000000</Width>
                            <Height>00000000</Height>
                        </Dimensions>
                        <DimensionalWeight>
                            <UnitOfMeasurement>
                                <Code>LBS</Code>
                            </UnitOfMeasurement>
                            <Weight>0000020</Weight>
                        </DimensionalWeight>
                        <PackageWeight>
                            <Weight>+0002.0</Weight>
                        </PackageWeight>
                        <TrackingNumber>1ZQVDR018493984663</TrackingNumber>                        
                        <ReferenceNumber>
                            <Code>PO</Code>
                            <Value>444789</Value>
                        </ReferenceNumber>
                       
                        <PackageServiceOptions>
                            <COD/>
                        </PackageServiceOptions>
                    </Package>
                    <ShipmentServiceOptions>
                        <CallTagARS>
                            <Code>8</Code>
                        </CallTagARS>
                    </ShipmentServiceOptions>
                    <ShipmentChargeType>P/P</ShipmentChargeType>
                    <BillToAccount>
                        <Option>01</Option>
                        <Number>QVDR01</Number>
                    </BillToAccount>
                </Manifest>                               
            </SubscriptionFile>
            <SubscriptionFile>
                <FileName>070824_143048001</FileName>
                <StatusType>
                    <Code>U</Code>
                    <Description>Unread</Description>
                </StatusType>
                <Generic>
                    <ActivityType>VM</ActivityType>
                    <TrackingNumber>1ZQVDR010190099432</TrackingNumber>
                    <ShipperNumber>QVDR01</ShipperNumber>
                    <Service>
                        <Code>001</Code>
                    </Service>
                    <Activity>
                        <Date>20070824</Date>
                        <Time>130533</Time>
                    </Activity>
                    <BillToAccount>
                        <Option>03</Option>
                        <Number>QVDR03</Number>
                    </BillToAccount>
                    <ShipTo>
                        <ReceivingAddressName>RSDTCNTRL-LAKEFOREST</ReceivingAddressName>
                    </ShipTo>
                </Generic>
                <Generic>
                    <ActivityType>VM</ActivityType>
                    <TrackingNumber>1ZQVDR010190148307</TrackingNumber>
                    <ShipperNumber>QVDR01</ShipperNumber>
                    <Service>
                        <Code>001</Code>
                    </Service>
                    <Activity>
                        <Date>20070824</Date>
                        <Time>134438</Time>
                    </Activity>
                    <BillToAccount>
                        <Option>03</Option>
                        <Number>QVDR03</Number>
                    </BillToAccount>
                    <ShipTo>                        <ReceivingAddressName>RSDTCNTRL-LAKEFOREST</ReceivingAddressName>
                    </ShipTo>
                </Generic>                
            </SubscriptionFile>
            <SubscriptionFile>
                <FileName>070827_133055001</FileName>
                <StatusType>
                    <Code>U</Code>
                    <Description>Unread</Description>
                </StatusType>
                <Exception>
                    <ShipperNumber>QVDR01</ShipperNumber>
                    <TrackingNumber>1ZQVDR010192675065</TrackingNumber>
                    <Date>20070824</Date>
                    <Time>101000</Time>
                    <UpdatedAddress>
                        <ConsigneeName>MMX</ConsigneeName>
                        <StreetNumberLow>1801</StreetNumberLow>
                        <StreetName>SANDALWOOD</StreetName>
                        <StreetType>DR</StreetType>
                        <PoliticalDivision2>ATLANTA</PoliticalDivision2>
                        <PoliticalDivision1>GA</PoliticalDivision1>
                        <CountryCode>US</CountryCode>
                        <PostcodePrimaryLow>30350</PostcodePrimaryLow>
                    </UpdatedAddress>
                    <ReasonCode>78</ReasonCode>
                    <ReasonDescription>THE SHIPPER HAS REQUESTED A DELIVERY INTERCEPT FOR THIS PACKAGE</ReasonDescription>
                    <Resolution>
                        <Code>AH</Code>
                        <Description>THE ADDRESS HAS BEEN CORRECTED. THE DELIVERY HAS BEEN RESCHEDULED</Description>
                    </Resolution>
                    <BillToAccount>
                        <Option>03</Option>
                        <Number>QVDR03</Number>
                    </BillToAccount>
                </Exception>                
                <Origin>
                    <PackageReferenceNumber>
                        <Code>00</Code>
                        <Value>QAST ROW PKG 01</Value>
                    </PackageReferenceNumber>
                    <PackageReferenceNumber>
                        <Code>33</Code>
                        <Value>12345</Value>
                    </PackageReferenceNumber>
                    <ShipmentReferenceNumber>
                        <Code>00</Code>
                        <Value>04ROW01</Value>
                    </ShipmentReferenceNumber>
                    <ShipperNumber>QVDR01</ShipperNumber>
                    <TrackingNumber>1ZQVDR017890823915</TrackingNumber>
                    <Date>20070824</Date>
                    <Time>101000</Time>
                    <ActivityLocation>
                        <AddressArtifactFormat>
                            <PoliticalDivision2>ROSWELL-ROSWELL</PoliticalDivision2>
                            <PoliticalDivision1>GA</PoliticalDivision1>
                            <CountryCode>US</CountryCode>
                        </AddressArtifactFormat>
                    </ActivityLocation>
                    <BillToAccount>
                        <Option>03</Option>
                        <Number>QVDR03</Number>
                    </BillToAccount>
                </Origin>                              
            </SubscriptionFile>            
        </SubscriptionEvents>
    </QuantumViewEvents>
</QuantumViewResponse>
