<?xml version="1.0" encoding="ISO-8859-1"?>
<RatingServiceSelectionResponse>
    <Response>
        <TransactionReference>
            <CustomerContext>Rating and Service</CustomerContext>
            <XpciVersion>1.0</XpciVersion>
        </TransactionReference>
        <ResponseStatusCode>1</ResponseStatusCode>
        <ResponseStatusDescription>Success</ResponseStatusDescription>
    </Response>
    <RatedShipment>
        <Service>
            <Code>03</Code>
        </Service>
        <RatedShipmentWarning>Your invoice may vary from the displayed reference rates</RatedShipmentWarning>
        <BillingWeight>
            <UnitOfMeasurement>
                <Code>LBS</Code>
            </UnitOfMeasurement>
            <Weight>10.0</Weight>
        </BillingWeight>
        <TransportationCharges>
            <CurrencyCode>USD</CurrencyCode>
            <MonetaryValue>52.16</MonetaryValue>
        </TransportationCharges>
        <ServiceOptionsCharges>
            <CurrencyCode>USD</CurrencyCode>
            <MonetaryValue>0.00</MonetaryValue>
        </ServiceOptionsCharges>
        <TotalCharges>
            <CurrencyCode>USD</CurrencyCode>
            <MonetaryValue>52.16</MonetaryValue>
        </TotalCharges>
        <GuaranteedDaysToDelivery/>
        <ScheduledDeliveryTime/>
        <RatedPackage>
            <TransportationCharges>
                <CurrencyCode>USD</CurrencyCode>
                <MonetaryValue>52.16</MonetaryValue>
            </TransportationCharges>
            <ServiceOptionsCharges>
                <CurrencyCode>USD</CurrencyCode>
                <MonetaryValue>0.00</MonetaryValue>
            </ServiceOptionsCharges>
            <TotalCharges>
                <CurrencyCode>USD</CurrencyCode>
                <MonetaryValue>52.16</MonetaryValue>
            </TotalCharges>
            <Weight>10.0</Weight>
            <BillingWeight>
                <UnitOfMeasurement>
                    <Code>LBS</Code>
                </UnitOfMeasurement>
                <Weight>10.0</Weight>
            </BillingWeight>
        </RatedPackage>
    </RatedShipment>
</RatingServiceSelectionResponse>
