- <soapenv:Envelope xmlns:soapenv="http://schemas.xmlsoap.org/soap/envelope/">
  <soapenv:Header /> 
- <soapenv:Body>
- <pkup:PickupCreationResponse xmlns:pkup="http://www.ups.com/XMLSchema/XOLTWS/Pickup/v1.1">
- <common:Response xmlns:common="http://www.ups.com/XMLSchema/XOLTWS/Common/v1.0">
- <common:ResponseStatus>
  <common:Code>1</common:Code> 
  <common:Description>Success</common:Description> 
  </common:ResponseStatus>
- <common:TransactionReference>
  <common:CustomerContext>d9 Different Client-- shipper account payment method -</common:CustomerContext> 
  </common:TransactionReference>
  </common:Response>
  <pkup:PRN>2929602E9CP</pkup:PRN> 
- <pkup:RateStatus>
  <pkup:Code>04</pkup:Code> 
  <pkup:Description>Rate not requested</pkup:Description> 
  </pkup:RateStatus>
  </pkup:PickupCreationResponse>
  </soapenv:Body>
  </soapenv:Envelope>